sex,age,weight,height,goal,workout,total_calories_burned,tip
0,32,85,180,0,'{"workout": [{"name": "Barbell Squats", "sets": 4, "reps": 8, "calories_burned": 50}, {"name": "Leg Press", "sets": 3, "reps": 10, "calories_burned": 45}, {"name": "Walking Lunges", "sets": 3, "reps": 12, "calories_burned": 30}, {"name": "Hamstring Curls", "sets": 3, "reps": 12, "calories_burned": 25}, {"name": "Calf Raises (Standing)", "sets": 4, "reps": 15, "calories_burned": 20}], "total_calories_burned": 170, "tip": "Focus on controlled movements and full range of motion for optimal muscle activation in your leg workouts!"}'
1,28,62,165,1,'{"workout": [{"name": "Burpees", "sets": 3, "reps": 10, "calories_burned": 40}, {"name": "Kettlebell Swings", "sets": 4, "reps": 15, "calories_burned": 50}, {"name": "Mountain Climbers", "sets": 3, "reps": 30, "calories_burned": 25}, {"name": "Jump Squats", "sets": 3, "reps": 12, "calories_burned": 35}, {"name": "Plank Jacks", "sets": 3, "reps": 20, "calories_burned": 20}], "total_calories_burned": 170, "tip": "This workout focuses on high-intensity movements to elevate your heart rate and burn maximum calories in a short time!"}'
0,45,90,188,2,'{"workout": [{"name": "Barbell Bench Press", "sets": 3, "reps": 8, "calories_burned": 40}, {"name": "Incline Dumbbell Press", "sets": 3, "reps": 10, "calories_burned": 35}, {"name": "Dumbbell Rows", "sets": 3, "reps": 10, "calories_burned": 30}, {"name": "Lat Pulldowns", "sets": 3, "reps": 12, "calories_burned": 25}, {"name": "Overhead Press (Dumbbell)", "sets": 3, "reps": 10, "calories_burned": 30}, {"name": "Lateral Raises", "sets": 3, "reps": 12, "calories_burned": 20}], "total_calories_burned": 180, "tip": "Focus on consistent lifting and proper form to maintain your strength and muscle mass."}'
1,35,70,170,0,'{"workout": [{"name": "Deadlifts", "sets": 4, "reps": 6, "calories_burned": 60}, {"name": "Bent-Over Rows (Barbell)", "sets": 3, "reps": 10, "calories_burned": 40}, {"name": "Lat Pulldowns", "sets": 3, "reps": 12, "calories_burned": 35}, {"name": "Seated Cable Rows", "sets": 3, "reps": 12, "calories_burned": 30}, {"name": "Face Pulls", "sets": 3, "reps": 15, "calories_burned": 20}, {"name": "Hyperextensions (Back Extensions)", "sets": 3, "reps": 15, "calories_burned": 25}], "total_calories_burned": 210, "tip": "Engage your core throughout back exercises to protect your spine and maximize stability."}'
0,22,75,178,1,'{"workout": [{"name": "Thrusters (Dumbbell)", "sets": 3, "reps": 12, "calories_burned": 45}, {"name": "Battle Ropes (Alternating Waves)", "sets": 3, "reps": 45, "calories_burned": 40}, {"name": "Box Jumps", "sets": 3, "reps": 10, "calories_burned": 30}, {"name": "Renegade Rows", "sets": 3, "reps": 10, "calories_burned": 35}, {"name": "Push-Up to Plank", "sets": 3, "reps": 12, "calories_burned": 25}, {"name": "High Knees", "sets": 3, "reps": 45, "calories_burned": 30}], "total_calories_burned": 205, "tip": "Incorporate compound movements that work multiple muscle groups for a higher metabolic demand."}'
1,50,68,160,2,'{"workout": [{"name": "Barbell Squats", "sets": 3, "reps": 8, "calories_burned": 45}, {"name": "Leg Press", "sets": 3, "reps": 10, "calories_burned": 35}, {"name": "Hamstring Curls", "sets": 3, "reps": 12, "calories_burned": 25}, {"name": "Leg Extensions", "sets": 3, "reps": 12, "calories_burned": 25}, {"name": "Calf Raises (Standing)", "sets": 4, "reps": 15, "calories_burned": 20}], "total_calories_burned": 150, "tip": "Varying your rep ranges can help maintain both strength and endurance in your legs."}'
0,30,80,185,0,'{"workout": [{"name": "Overhead Press (Barbell)", "sets": 4, "reps": 8, "calories_burned": 50}, {"name": "Dumbbell Shoulder Press", "sets": 3, "reps": 10, "calories_burned": 40}, {"name": "Lateral Raises", "sets": 3, "reps": 12, "calories_burned": 25}, {"name": "Front Raises", "sets": 3, "reps": 12, "calories_burned": 20}, {"name": "Upright Rows (Dumbbell)", "sets": 3, "reps": 10, "calories_burned": 30}, {"name": "Reverse Pec Deck Fly", "sets": 3, "reps": 15, "calories_burned": 20}], "total_calories_burned": 185, "tip": "Warm up your shoulders thoroughly before starting your workout to prevent injuries."}'
1,40,72,172,1,'{"workout": [{"name": "Sled Push", "sets": 4, "reps": 30, "calories_burned": 60}, {"name": "Farmer\'s Walk", "sets": 3, "reps": 60, "calories_burned": 40}, {"name": "Medicine Ball Slams", "sets": 3, "reps": 15, "calories_burned": 30}, {"name": "Wall Balls", "sets": 3, "reps": 12, "calories_burned": 35}, {"name": "Bear Crawls", "sets": 3, "reps": 30, "calories_burned": 25}], "total_calories_burned": 190, "tip": "Metabolic circuits with minimal rest between exercises are highly effective for fat loss."}'
0,55,95,190,2,'{"workout": [{"name": "Deadlifts (Conventional or Sumo)", "sets": 3, "reps": 6, "calories_burned": 50}, {"name": "Pull-Ups (or Assisted)", "sets": 3, "reps": 8, "calories_burned": 30}, {"name": "Bent-Over Rows (Barbell)", "sets": 3, "reps": 10, "calories_burned": 35}, {"name": "Face Pulls", "sets": 3, "reps": 15, "calories_burned": 20}, {"name": "Bicep Curls (Barbell)", "sets": 3, "reps": 10, "calories_burned": 25}, {"name": "Tricep Pushdowns (Rope)", "sets": 3, "reps": 12, "calories_burned": 20}], "total_calories_burned": 180, "tip": "Include compound movements like deadlifts to stimulate overall muscle growth and strength."}'
1,26,60,168,0,'{"workout": [{"name": "Barbell Bench Press", "sets": 4, "reps": 8, "calories_burned": 50}, {"name": "Incline Dumbbell Press", "sets": 3, "reps": 10, "calories_burned": 45}, {"name": "Dumbbell Flyes (Flat Bench)", "sets": 3, "reps": 12, "calories_burned": 30}, {"name": "Cable Crossovers (High Pulley)", "sets": 3, "reps": 15, "calories_burned": 25}, {"name": "Push-Ups", "sets": 3, "reps": 15, "calories_burned": 15}], "total_calories_burned": 165, "tip": "Focus on squeezing your chest muscles at the top of each rep for maximum contraction."}'
0,38,78,175,1,'{"workout": [{"name": "Rowing Machine (Max Effort)", "sets": 4, "reps": 200, "calories_burned": 60}, {"name": "Goblet Squats", "sets": 3, "reps": 15, "calories_burned": 40}, {"name": "Push Press (Barbell)", "sets": 3, "reps": 10, "calories_burned": 35}, {"name": "Walking Lunges (with weights)", "sets": 3, "reps": 12, "calories_burned": 30}, {"name": "Russian Twists", "sets": 3, "reps": 20, "calories_burned": 20}], "total_calories_burned": 185, "tip": "Combine cardio bursts with strength exercises to keep your metabolism elevated long after your workout!"}'
1,42,75,170,2,'{"workout": [{"name": "Push-Ups", "sets": 3, "reps": 15, "calories_burned": 15}, {"name": "Dumbbell Flyes (Flat)", "sets": 3, "reps": 12, "calories_burned": 25}, {"name": "Tricep Dips (Bench)", "sets": 3, "reps": 12, "calories_burned": 20}, {"name": "Hammer Curls", "sets": 3, "reps": 12, "calories_burned": 20}, {"name": "Shoulder Press (Machine)", "sets": 3, "reps": 12, "calories_burned": 25}], "total_calories_burned": 105, "tip": "Bodyweight exercises are excellent for maintaining strength and can be done anywhere."}'
0,29,82,183,0,'{"workout": [{"name": "Bicep Curls (Barbell)", "sets": 3, "reps": 10, "calories_burned": 30}, {"name": "Hammer Curls (Dumbbell)", "sets": 3, "reps": 12, "calories_burned": 25}, {"name": "Preacher Curls", "sets": 3, "reps": 12, "calories_burned": 20}, {"name": "Tricep Pushdowns (Rope Attachment)", "sets": 3, "reps": 15, "calories_burned": 20}, {"name": "Overhead Dumbbell Extension", "sets": 3, "reps": 12, "calories_burned": 25}, {"name": "Close-Grip Bench Press", "sets": 3, "reps": 10, "calories_burned": 35}], "total_calories_burned": 155, "tip": "Control the negative (lowering) phase of each rep for greater muscle growth."}'
1,23,65,162,1,'{"workout": [{"name": "Ski Erg (Intervals)", "sets": 5, "reps": 60, "calories_burned": 55}, {"name": "Dumbbell Snatches", "sets": 3, "reps": 8, "calories_burned": 45}, {"name": "Ball Slams", "sets": 3, "reps": 15, "calories_burned": 30}, {"name": "Spider-Man Push-Ups", "sets": 3, "reps": 10, "calories_burned": 25}, {"name": "Box Step-Ups (with weights)", "sets": 3, "reps": 12, "calories_burned": 20}], "total_calories_burned": 175, "tip": "Don\'t be afraid to try new, dynamic exercises to challenge your body in different ways!"}'
0,48,92,186,2,'{"workout": [{"name": "Kettlebell Swings", "sets": 4, "reps": 15, "calories_burned": 40}, {"name": "Goblet Squats", "sets": 3, "reps": 12, "calories_burned": 30}, {"name": "Renegade Rows", "sets": 3, "reps": 10, "calories_burned": 35}, {"name": "Push Press (Dumbbell)", "sets": 3, "reps": 10, "calories_burned": 30}, {"name": "Walking Lunges (Bodyweight)", "sets": 3, "reps": 12, "calories_burned": 20}, {"name": "Plank", "sets": 3, "reps": 60, "calories_burned": 15}], "total_calories_burned": 170, "tip": "Kettlebell exercises are great for full-body conditioning and maintaining strength."}'
1,33,70,171,0,'{"workout": [{"name": "Front Squats", "sets": 4, "reps": 8, "calories_burned": 55}, {"name": "Romanian Deadlifts", "sets": 3, "reps": 10, "calories_burned": 40}, {"name": "Leg Extensions", "sets": 3, "reps": 12, "calories_burned": 25}, {"name": "Glute Bridges", "sets": 3, "reps": 15, "calories_burned": 20}, {"name": "Seated Calf Raises", "sets": 4, "reps": 15, "calories_burned": 15}], "total_calories_burned": 155, "tip": "Ensure proper form on front squats to protect your lower back."}'
0,20,68,170,1,'{"workout": [{"name": "Treadmill Sprints", "sets": 8, "reps": 30, "calories_burned": 70}, {"name": "Burpee Box Jumps", "sets": 3, "reps": 8, "calories_burned": 45}, {"name": "Kettlebell Goblet Squats", "sets": 3, "reps": 15, "calories_burned": 35}, {"name": "Push-Up Rows (with dumbbells)", "sets": 3, "reps": 10, "calories_burned": 30}, {"name": "Jump Rope", "sets": 3, "reps": 60, "calories_burned": 25}], "total_calories_burned": 205, "tip": "High-intensity interval training (HIIT) is highly effective for fat burning and improving cardiovascular fitness."}'
1,58,80,163,2,'{"workout": [{"name": "Incline Barbell Press", "sets": 3, "reps": 8, "calories_burned": 40}, {"name": "Seated Cable Rows", "sets": 3, "reps": 10, "calories_burned": 30}, {"name": "Dumbbell Shrugs", "sets": 3, "reps": 15, "calories_burned": 25}, {"name": "Close-Grip Bench Press", "sets": 3, "reps": 10, "calories_burned": 30}, {"name": "Preacher Curls", "sets": 3, "reps": 12, "calories_burned": 20}], "total_calories_burned": 145, "tip": "Targeting specific muscle groups helps ensure balanced maintenance across your body."}'
0,36,88,187,0,'{"workout": [{"name": "Pull-Ups (Assisted or Unassisted)", "sets": 3, "reps": 8, "calories_burned": 40}, {"name": "T-Bar Rows", "sets": 3, "reps": 10, "calories_burned": 35}, {"name": "Single-Arm Dumbbell Rows", "sets": 3, "reps": 10, "calories_burned": 30}, {"name": "Reverse Grip Lat Pulldowns", "sets": 3, "reps": 12, "calories_burned": 30}, {"name": "Machine Rows", "sets": 3, "reps": 15, "calories_burned": 25}], "total_calories_burned": 160, "tip": "Vary your grip on pull-ups and lat pulldowns to target different areas of your back."}'
1,47,78,174,1,'{"workout": [{"name": "Assault Bike (Sprint)", "sets": 4, "reps": 60, "calories_burned": 50}, {"name": "Deadlifts (moderate weight)", "sets": 4, "reps": 8, "calories_burned": 55}, {"name": "Hang Cleans (Dumbbell)", "sets": 3, "reps": 10, "calories_burned": 40}, {"name": "V-Ups", "sets": 3, "reps": 15, "calories_burned": 20}, {"name": "Plank with Shoulder Taps", "sets": 3, "reps": 20, "calories_burned": 15}], "total_calories_burned": 180, "tip": "Incorporate full-body compound exercises to maximize the calorie burn and muscle activation."}'
0,25,72,175,2,'{"workout": [{"name": "Romanian Deadlifts (Dumbbell)", "sets": 3, "reps": 10, "calories_burned": 35}, {"name": "Glute Bridges", "sets": 3, "reps": 15, "calories_burned": 20}, {"name": "Leg Press Calf Raises", "sets": 4, "reps": 15, "calories_burned": 20}, {"name": "Adductor Machine", "sets": 3, "reps": 15, "calories_burned": 15}, {"name": "Abductor Machine", "sets": 3, "reps": 15, "calories_burned": 15}], "total_calories_burned": 105, "tip": "Don\'t neglect smaller supporting muscle groups for overall balance and injury prevention."}'
1,31,60,160,0,'{"workout": [{"name": "Arnold Press", "sets": 3, "reps": 10, "calories_burned": 35}, {"name": "Machine Shoulder Press", "sets": 3, "reps": 12, "calories_burned": 30}, {"name": "Lateral Raises", "sets": 3, "reps": 15, "calories_burned": 25}, {"name": "Bent-Over Reverse Flyes (Dumbbell)", "sets": 3, "reps": 12, "calories_burned": 20}, {"name": "Shrugs (Barbell or Dumbbell)", "sets": 4, "reps": 15, "calories_burned": 30}], "total_calories_burned": 140, "tip": "Warm up your shoulders thoroughly before starting your workout to prevent injuries."}'
0,20,70,170,1,'{"workout": [{"name": "VersaClimber (Intervals)", "sets": 5, "reps": 60, "calories_burned": 60}, {"name": "Overhead Walking Lunges", "sets": 3, "reps": 12, "calories_burned": 35}, {"name": "Push-Ups (Explosive)", "sets": 3, "reps": 10, "calories_burned": 25}, {"name": "Pull-Ups (or assisted)", "sets": 3, "reps": 8, "calories_burned": 30}, {"name": "Box Dips", "sets": 3, "reps": 15, "calories_burned": 20}], "total_calories_burned": 170, "tip": "Don\'t underestimate the power of bodyweight exercises when performed with high intensity!"}'
1,52,70,168,2,'{"workout": [{"name": "Machine Chest Press", "sets": 3, "reps": 12, "calories_burned": 30}, {"name": "Machine Shoulder Press", "sets": 3, "reps": 12, "calories_burned": 30}, {"name": "Machine Rows", "sets": 3, "reps": 12, "calories_burned": 30}, {"name": "Machine Leg Press", "sets": 3, "reps": 12, "calories_burned": 35}, {"name": "Machine Leg Curls", "sets": 3, "reps": 12, "calories_burned": 20}], "total_calories_burned": 145, "tip": "Machines offer a safe and effective way to maintain strength, especially for beginners or those returning to training."}'
0,40,85,185,0,'{"workout": [{"name": "Dumbbell Bench Press (Flat)", "sets": 4, "reps": 10, "calories_burned": 45}, {"name": "Decline Barbell Press", "sets": 3, "reps": 10, "calories_burned": 40}, {"name": "Pec Deck Fly", "sets": 3, "reps": 12, "calories_burned": 30}, {"name": "Cable Crossovers (High Pulley)", "sets": 3, "reps": 15, "calories_burned": 25}, {"name": "Dips (Chest Version)", "sets": 3, "reps": 10, "calories_burned": 25}, {"name": "Plyometric Push-Ups", "sets": 3, "reps": 8, "calories_burned": 20}], "total_calories_burned": 185, "tip": "Explosive movements like plyometric push-ups can improve power and muscle activation."}'
1,37,68,166,1,'{"workout": [{"name": "Jump Lunges", "sets": 3, "reps": 12, "calories_burned": 30}, {"name": "Medicine Ball Thrusters", "sets": 3, "reps": 12, "calories_burned": 35}, {"name": "Burpee Pull-Ups", "sets": 3, "reps": 8, "calories_burned": 40}, {"name": "Plank Rows (Kettlebell)", "sets": 3, "reps": 10, "calories_burned": 30}, {"name": "Flutter Kicks", "sets": 3, "reps": 40, "calories_burned": 20}], "total_calories_burned": 155, "tip": "Adding plyometrics to your routine boosts explosive power and calorie expenditure."}'
0,60,98,178,2,'{"workout": [{"name": "Chin-Ups (or Assisted)", "sets": 3, "reps": 8, "calories_burned": 30}, {"name": "Dumbbell Pullovers", "sets": 3, "reps": 12, "calories_burned": 25}, {"name": "Cable Crossovers (Mid Pulley)", "sets": 3, "reps": 15, "calories_burned": 20}, {"name": "Overhead Dumbbell Extension", "sets": 3, "reps": 12, "calories_burned": 20}, {"name": "Concentration Curls", "sets": 3, "reps": 12, "calories_burned": 15}], "total_calories_burned": 110, "tip": "Varying your grip on pull and push exercises can help maintain diverse muscle activation."}'
1,19,55,155,0,'{"workout": [{"name": "EZ Bar Curls", "sets": 3, "reps": 10, "calories_burned": 28}, {"name": "Concentration Curls", "sets": 3, "reps": 12, "calories_burned": 22}, {"name": "Cable Bicep Curls", "sets": 3, "reps": 15, "calories_burned": 18}, {"name": "Skullcrushers (EZ Bar)", "sets": 3, "reps": 12, "calories_burned": 25}, {"name": "Tricep Kickbacks (Dumbbell)", "sets": 3, "reps": 15, "calories_burned": 15}, {"name": "Dumbbell Tricep Extension (Single Arm)", "sets": 3, "reps": 12, "calories_burned": 20}], "total_calories_burned": 128, "tip": "Slower, more controlled movements on isolation exercises will yield better results."}'
0,30,70,175,1,'{"workout": [{"name": "Sprints (Outdoor/Track)", "sets": 6, "reps": 100, "calories_burned": 65}, {"name": "Push-Up Burpees", "sets": 3, "reps": 10, "calories_burned": 40}, {"name": "Squat Jumps (with resistance band)", "sets": 3, "reps": 15, "calories_burned": 35}, {"name": "Bicycle Crunches", "sets": 3, "reps": 30, "calories_burned": 20}, {"name": "High Plank Holds", "sets": 3, "reps": 60, "calories_burned": 15}], "total_calories_burned": 175, "tip": "Varying your cardio type, like outdoor sprints, keeps workouts engaging and effective."}'
1,45,78,170,2,'{"workout": [{"name": "Box Squats (Bodyweight)", "sets": 3, "reps": 15, "calories_burned": 20}, {"name": "Step-Ups (with light dumbbells)", "sets": 3, "reps": 12, "calories_burned": 25}, {"name": "Push-Ups (Wide Grip)", "sets": 3, "reps": 12, "calories_burned": 15}, {"name": "Inverted Rows", "sets": 3, "reps": 10, "calories_burned": 20}, {"name": "Pike Push-Ups", "sets": 3, "reps": 10, "calories_burned": 15}], "total_calories_burned": 95, "tip": "Utilize bodyweight exercises to maintain functional strength and mobility."}'
0,34,88,180,0,'{"workout": [{"name": "Hack Squats", "sets": 4, "reps": 10, "calories_burned": 48}, {"name": "Leg Curls (Seated)", "sets": 3, "reps": 12, "calories_burned": 28}, {"name": "Sissy Squats (Bodyweight or Assisted)", "sets": 3, "reps": 15, "calories_burned": 20}, {"name": "Reverse Hyperextensions", "sets": 3, "reps": 15, "calories_burned": 25}, {"name": "Standing Calf Raises (Machine)", "sets": 4, "reps": 20, "calories_burned": 20}], "total_calories_burned": 141, "tip": "Don\'t neglect your calves! They are often overlooked but contribute significantly to leg aesthetics."}'
1,27,63,164,1,'{"workout": [{"name": "Step-Ups (Fast Pace)", "sets": 4, "reps": 15, "calories_burned": 35}, {"name": "Medicine Ball Rotational Throws", "sets": 3, "reps": 12, "calories_burned": 30}, {"name": "Kettlebell High Pulls", "sets": 3, "reps": 10, "calories_burned": 30}, {"name": "Side Planks with Hip Dips", "sets": 3, "reps": 15, "calories_burned": 20}, {"name": "Tuck Jumps", "sets": 3, "reps": 10, "calories_burned": 25}], "total_calories_burned": 140, "tip": "Incorporate dynamic core exercises to work your midsection and improve overall stability."}'
0,50,90,182,2,'{"workout": [{"name": "Barbell Rows (Pendlay or Yates)", "sets": 3, "reps": 8, "calories_burned": 35}, {"name": "T-Bar Rows", "sets": 3, "reps": 10, "calories_burned": 30}, {"name": "Rear Delt Flyes (Dumbbell)", "sets": 3, "reps": 15, "calories_burned": 20}, {"name": "Upright Rows (Cable)", "sets": 3, "reps": 12, "calories_burned": 25}, {"name": "Arnold Press", "sets": 3, "reps": 10, "calories_burned": 30}], "total_calories_burned": 140, "tip": "Include exercises that target your posterior chain for better posture and balanced strength."}'
1,39,75,170,0,'{"workout": [{"name": "Rack Pulls", "sets": 4, "reps": 6, "calories_burned": 55}, {"name": "Good Mornings", "sets": 3, "reps": 10, "calories_burned": 35}, {"name": "Straight-Arm Pulldowns", "sets": 3, "reps": 15, "calories_burned": 20}, {"name": "Chin-Ups (Assisted or Unassisted)", "sets": 3, "reps": 8, "calories_burned": 35}, {"name": "Inverted Rows", "sets": 3, "reps": 12, "calories_burned": 25}], "total_calories_burned": 170, "tip": "Rack pulls allow you to lift heavier loads, focusing on the top portion of the deadlift."}'
0,21,70,173,1,'{"workout": [{"name": "Stair Sprints", "sets": 5, "reps": 60, "calories_burned": 50}, {"name": "Dumbbell Power Cleans", "sets": 3, "reps": 8, "calories_burned": 40}, {"name": "Renegade Row to Push-Up", "sets": 3, "reps": 8, "calories_burned": 35}, {"name": "Ballistic Push-Ups", "sets": 3, "reps": 10, "calories_burned": 25}, {"name": "Skipping (High Knees)", "sets": 3, "reps": 60, "calories_burned": 30}], "total_calories_burned": 180, "tip": "Use a timer for intervals to push your limits during high-intensity sections."}'
1,55,82,160,2,'{"workout": [{"name": "Front Squats (Light Weight)", "sets": 3, "reps": 10, "calories_burned": 35}, {"name": "Leg Extensions (Single Leg)", "sets": 3, "reps": 12, "calories_burned": 20}, {"name": "Hamstring Curls (Single Leg)", "sets": 3, "reps": 12, "calories_burned": 20}, {"name": "Standing Calf Raises (Dumbbell)", "sets": 4, "reps": 20, "calories_burned": 15}, {"name": "Reverse Lunges (Dumbbell)", "sets": 3, "reps": 10, "calories_burned": 25}], "total_calories_burned": 115, "tip": "Unilateral exercises are great for addressing muscle imbalances and maintaining stability."}'
0,42,90,188,0,'{"workout": [{"name": "Seated Dumbbell Lateral Raises", "sets": 3, "reps": 15, "calories_burned": 20}, {"name": "Cable Front Raises", "sets": 3, "reps": 15, "calories_burned": 20}, {"name": "Machine Lateral Raises", "sets": 3, "reps": 12, "calories_burned": 25}, {"name": "Bent-Over Reverse Flyes (Dumbbell)", "sets": 3, "reps": 12, "calories_burned": 20}, {"name": "Plate Front Raises", "sets": 3, "reps": 12, "calories_burned": 20}, {"name": "Dumbbell Shrugs", "sets": 4, "reps": 15, "calories_burned": 25}], "total_calories_burned": 130, "tip": "Isolate your deltoids by minimizing body sway during lateral and front raises."}'
1,30,65,168,1,'{"workout": [{"name": "Elliptical (High Resistance/Fast Pace)", "sets": 4, "reps": 5, "calories_burned": 55}, {"name": "Sumo Squats (Kettlebell)", "sets": 3, "reps": 15, "calories_burned": 35}, {"name": "Overhead Medicine Ball Lunges", "sets": 3, "reps": 10, "calories_burned": 30}, {"name": "Ab Rollouts", "sets": 3, "reps": 12, "calories_burned": 20}, {"name": "Spider Plank", "sets": 3, "reps": 30, "calories_burned": 15}], "total_calories_burned": 155, "tip": "Focus on compound leg exercises to burn more calories and engage major muscle groups."}'
0,28,75,178,2,'{"workout": [{"name": "Pec Deck Fly", "sets": 3, "reps": 15, "calories_burned": 25}, {"name": "Cable Tricep Pushdowns (Straight Bar)", "sets": 3, "reps": 15, "calories_burned": 15}, {"name": "Cable Bicep Curls", "sets": 3, "reps": 15, "calories_burned": 15}, {"name": "Machine Flyes (Reverse)", "sets": 3, "reps": 15, "calories_burned": 20}, {"name": "Dumbbell Shrugs (Light Weight)", "sets": 3, "reps": 20, "calories_burned": 20}], "total_calories_burned": 95, "tip": "Focus on isolation exercises for targeted muscle activation and maintenance."}'
1,24,60,163,0,'{"workout": [{"name": "Floor Press (Barbell or Dumbbell)", "sets": 3, "reps": 10, "calories_burned": 35}, {"name": "Svendsen Press", "sets": 3, "reps": 15, "calories_burned": 20}, {"name": "Medicine Ball Chest Pass", "sets": 3, "reps": 10, "calories_burned": 25}, {"name": "Incline Push-Ups", "sets": 3, "reps": 15, "calories_burned": 10}, {"name": "Stability Ball Push-Ups", "sets": 3, "reps": 12, "calories_burned": 15}], "total_calories_burned": 105, "tip": "Incorporate stability exercises to engage more stabilizer muscles in your chest workouts."}'
0,45,95,190,1,'{"workout": [{"name": "Jump Rope (Double Unders)", "sets": 4, "reps": 20, "calories_burned": 40}, {"name": "Clean and Press (Kettlebell)", "sets": 3, "reps": 10, "calories_burned": 45}, {"name": "Side-to-Side Hops", "sets": 3, "reps": 30, "calories_burned": 20}, {"name": "Dumbbell Thruster Burpees", "sets": 3, "reps": 8, "calories_burned": 50}, {"name": "Hanging Knee Raises", "sets": 3, "reps": 15, "calories_burned": 25}], "total_calories_burned": 180, "tip": "Mastering more complex movements like double unders can significantly increase calorie expenditure."}'
1,50,70,165,2,'{"workout": [{"name": "Medicine Ball Slams", "sets": 3, "reps": 12, "calories_burned": 30}, {"name": "Russian Twists (with weight)", "sets": 3, "reps": 20, "calories_burned": 20}, {"name": "Hanging Leg Raises", "sets": 3, "reps": 15, "calories_burned": 25}, {"name": "Ab Rollouts", "sets": 3, "reps": 10, "calories_burned": 20}, {"name": "Side Planks", "sets": 3, "reps": 30, "calories_burned": 15}], "total_calories_burned": 110, "tip": "Regular core training is essential for maintaining overall stability and preventing injuries."}'
0,36,80,180,0,'{"workout": [{"name": "Zottman Curls", "sets": 3, "reps": 10, "calories_burned": 25}, {"name": "Spider Curls", "sets": 3, "reps": 12, "calories_burned": 20}, {"name": "Reverse Curls (EZ Bar)", "sets": 3, "reps": 12, "calories_burned": 20}, {"name": "Tricep Dips (Bench)", "sets": 3, "reps": 15, "calories_burned": 15}, {"name": "Rope Overhead Tricep Extension", "sets": 3, "reps": 15, "calories_burned": 20}, {"name": "Single-Arm Cable Pushdowns", "sets": 3, "reps": 12, "calories_burned": 18}], "total_calories_burned": 118, "tip": "Slower, more controlled movements on isolation exercises will yield better results."}'
1,29,68,167,1,'{"workout": [{"name": "Circuit Training: Battle Ropes Slams", "sets": 3, "reps": 45, "calories_burned": 40}, {"name": "Circuit Training: Push-Ups", "sets": 3, "reps": 15, "calories_burned": 15}, {"name": "Circuit Training: Box Jumps", "sets": 3, "reps": 10, "calories_burned": 30}, {"name": "Circuit Training: Kettlebell Swings", "sets": 3, "reps": 15, "calories_burned": 40}, {"name": "Circuit Training: Plank Holds", "sets": 3, "reps": 60, "calories_burned": 15}], "total_calories_burned": 140, "tip": "Perform circuit training with minimal rest between exercises to maintain a high heart rate."}'
0,40,85,183,2,'{"workout": [{"name": "Overhead Press (Barbell, light weight)", "sets": 3, "reps": 10, "calories_burned": 35}, {"name": "Push-Ups (Narrow Grip)", "sets": 3, "reps": 15, "calories_burned": 15}, {"name": "Pull-Aparts (Resistance Band)", "sets": 3, "reps": 20, "calories_burned": 10}, {"name": "Tricep Kickbacks (Dumbbell)", "sets": 3, "reps": 15, "calories_burned": 15}, {"name": "Bicep Curls (Incline Dumbbell)", "sets": 3, "reps": 10, "calories_burned": 20}], "total_calories_burned": 95, "tip": "Resistance bands can be a great tool for warming up or adding variety to your routine."}'
1,22,60,160,0,'{"workout": [{"name": "Box Squats", "sets": 4, "reps": 8, "calories_burned": 50}, {"name": "Bulgarian Split Squats", "sets": 3, "reps": 10, "calories_burned": 35}, {"name": "Leg Press Calf Raises", "sets": 4, "reps": 15, "calories_burned": 20}, {"name": "Step-Ups", "sets": 3, "reps": 12, "calories_burned": 25}, {"name": "Adductor/Abductor Machine", "sets": 3, "reps": 15, "calories_burned": 20}], "total_calories_burned": 150, "tip": "Unilateral exercises like Bulgarian split squats help address muscle imbalances."}'
0,35,78,175,1,'{"workout": [{"name": "Uphill Sprints", "sets": 5, "reps": 60, "calories_burned": 60}, {"name": "Overhead Squats (Bodyweight or light weight)", "sets": 3, "reps": 12, "calories_burned": 30}, {"name": "Plyometric Push-Ups", "sets": 3, "reps": 10, "calories_burned": 25}, {"name": "Skipping with High Knees", "sets": 3, "reps": 45, "calories_burned": 25}, {"name": "Medicine Ball Russian Twists", "sets": 3, "reps": 20, "calories_burned": 20}], "total_calories_burned": 160, "tip": "Take your workouts outdoors for a change of scenery and to challenge your body differently."}'
1,58,85,165,2,'{"workout": [{"name": "Goblet Squats (Kettlebell)", "sets": 3, "reps": 15, "calories_burned": 35}, {"name": "Single-Arm Dumbbell Rows", "sets": 3, "reps": 10, "calories_burned": 30}, {"name": "Step-Ups onto Bench", "sets": 3, "reps": 12, "calories_burned": 25}, {"name": "Plank with Leg Lifts", "sets": 3, "reps": 10, "calories_burned": 15}, {"name": "Bird-Dog", "sets": 3, "reps": 15, "calories_burned": 10}], "total_calories_burned": 115, "tip": "Incorporate stability and balance exercises for overall functional fitness."}'
0,30,80,182,0,'{"workout": [{"name": "Pendlay Rows", "sets": 4, "reps": 8, "calories_burned": 45}, {"name": "Machine Pullovers", "sets": 3, "reps": 12, "calories_burned": 30}, {"name": "Kroc Rows (Single-Arm Dumbbell)", "sets": 3, "reps": 8, "calories_burned": 40}, {"name": "Straight-Arm Dumbbell Pullovers", "sets": 3, "reps": 12, "calories_burned": 25}, {"name": "Superman Exercise", "sets": 3, "reps": 15, "calories_burned": 15}], "total_calories_burned": 155, "tip": "Focus on the mind-muscle connection during pullovers to truly engage your lats."}'
1,26,62,164,1,'{"workout": [{"name": "Spin Bike (HIIT)", "sets": 5, "reps": 60, "calories_burned": 60}, {"name": "Dumbbell Renegade Rows", "sets": 3, "reps": 10, "calories_burned": 35}, {"name": "Tricep Dips (Bench or Parallel Bars)", "sets": 3, "reps": 15, "calories_burned": 20}, {"name": "Jump Roping", "sets": 3, "reps": 60, "calories_burned": 25}, {"name": "Leg Raises", "sets": 3, "reps": 15, "calories_burned": 15}], "total_calories_burned": 155, "tip": "Consider adding incline walking or jogging between strength sets to keep your heart rate up."}'
0,48,92,188,2,'{"workout": [{"name": "Dumbbell Bench Press (Incline)", "sets": 3, "reps": 10, "calories_burned": 38}, {"name": "Machine Incline Press", "sets": 3, "reps": 12, "calories_burned": 30}, {"name": "Cable Flyes (Low Pulley)", "sets": 3, "reps": 15, "calories_burned": 25}, {"name": "Push-Ups (Knees or Toes)", "sets": 3, "reps": 15, "calories_burned": 15}], "total_calories_burned": 108, "tip": "For maintenance, focus on consistent form and a full range of motion, even with lighter weights."}'
1,32,68,166,0,'{"workout": [{"name": "Barbell Rows (Reverse Grip)", "sets": 3, "reps": 10, "calories_burned": 40}, {"name": "Lat Pulldowns (Wide Grip)", "sets": 3, "reps": 12, "calories_burned": 35}, {"name": "Single-Arm Cable Rows", "sets": 3, "reps": 12, "calories_burned": 30}, {"name": "Seated Cable Rows (Wide Grip)", "sets": 3, "reps": 15, "calories_burned": 25}, {"name": "Face Pulls", "sets": 3, "reps": 15, "calories_burned": 20}], "total_calories_burned": 150, "tip": "Varying your grip and angles can help hit different parts of your back muscles."}'
0,29,75,178,1,'{"workout": [{"name": "Kettlebell Cleans", "sets": 4, "reps": 8, "calories_burned": 50}, {"name": "Box Jumps (Plyometric)", "sets": 3, "reps": 10, "calories_burned": 35}, {"name": "Battle Ropes (Slams)", "sets": 3, "reps": 45, "calories_burned": 40}, {"name": "Medicine Ball Throws (Rotational)", "sets": 3, "reps": 12, "calories_burned": 30}, {"name": "Jump Squats", "sets": 3, "reps": 12, "calories_burned": 30}], "total_calories_burned": 185, "tip": "Explosive movements increase power and lead to higher calorie expenditure."}'
1,40,75,170,2,'{"workout": [{"name": "Leg Press", "sets": 3, "reps": 12, "calories_burned": 35}, {"name": "Leg Extensions", "sets": 3, "reps": 15, "calories_burned": 20}, {"name": "Hamstring Curls", "sets": 3, "reps": 15, "calories_burned": 20}, {"name": "Seated Calf Raises", "sets": 4, "reps": 20, "calories_burned": 15}, {"name": "Glute Bridges (Bodyweight)", "sets": 3, "reps": 20, "calories_burned": 10}], "total_calories_burned": 100, "tip": "Consistency with lighter weights and higher reps helps maintain muscle tone and endurance."}'
0,25,70,175,0,'{"workout": [{"name": "Overhead Press (Dumbbell)", "sets": 3, "reps": 10, "calories_burned": 35}, {"name": "Lateral Raises (Cable)", "sets": 3, "reps": 12, "calories_burned": 25}, {"name": "Front Raises (Dumbbell)", "sets": 3, "reps": 12, "calories_burned": 20}, {"name": "Face Pulls (Rope)", "sets": 3, "reps": 15, "calories_burned": 20}, {"name": "Shrugs (Dumbbell)", "sets": 4, "reps": 15, "calories_burned": 25}], "total_calories_burned": 125, "tip": "Ensure your form is strict for isolation exercises to truly target the intended muscles."}'
1,35,62,160,1,'{"workout": [{"name": "Rowing Sprints", "sets": 5, "reps": 60, "calories_burned": 60}, {"name": "Dumbbell Burpee Deadlifts", "sets": 3, "reps": 8, "calories_burned": 45}, {"name": "Mountain Climbers (Cross-body)", "sets": 3, "reps": 30, "calories_burned": 25}, {"name": "Jump Squats (Pulsating)", "sets": 3, "reps": 15, "calories_burned": 30}, {"name": "Bicycle Crunches", "sets": 3, "reps": 20, "calories_burned": 20}], "total_calories_burned": 180, "tip": "High-intensity rowing combined with compound movements is a fantastic calorie-burner!"}'
0,40,90,185,2,'{"workout": [{"name": "Cable Crossovers (Low Pulley)", "sets": 3, "reps": 15, "calories_burned": 20}, {"name": "Machine Bicep Curls", "sets": 3, "reps": 12, "calories_burned": 20}, {"name": "Machine Tricep Extensions", "sets": 3, "reps": 12, "calories_burned": 20}, {"name": "Machine Leg Press", "sets": 3, "reps": 12, "calories_burned": 30}, {"name": "Machine Chest Fly", "sets": 3, "reps": 15, "calories_burned": 25}], "total_calories_burned": 115, "tip": "Machines are great for safe and controlled movements, especially for maintaining muscle tone."}'
1,28,65,168,0,'{"workout": [{"name": "Incline Dumbbell Press", "sets": 4, "reps": 10, "calories_burned": 48}, {"name": "Flat Barbell Press", "sets": 3, "reps": 8, "calories_burned": 45}, {"name": "Cable Flyes (Mid Pulley)", "sets": 3, "reps": 12, "calories_burned": 30}, {"name": "Push-Ups (Wide Grip)", "sets": 3, "reps": 15, "calories_burned": 20}, {"name": "Dips (Assisted or Bodyweight)", "sets": 3, "reps": 10, "calories_burned": 25}], "total_calories_burned": 168, "tip": "Vary your chest exercises to hit different angles of the muscle for comprehensive development."}'
0,32,78,175,1,'{"workout": [{"name": "Burpee Box Jumps", "sets": 3, "reps": 8, "calories_burned": 45}, {"name": "Kettlebell Swings (American)", "sets": 4, "reps": 15, "calories_burned": 50}, {"name": "Slam Ball (Overhead)", "sets": 3, "reps": 12, "calories_burned": 35}, {"name": "Battle Ropes (Waves & Slams)", "sets": 3, "reps": 45, "calories_burned": 40}, {"name": "Mountain Climbers (Fast)", "sets": 3, "reps": 40, "calories_burned": 25}], "total_calories_burned": 195, "tip": "Incorporate explosive movements to maximize fat burning and athletic performance."}'
1,55,80,163,2,'{"workout": [{"name": "Barbell Squats (Light Weight)", "sets": 3, "reps": 10, "calories_burned": 35}, {"name": "Leg Press", "sets": 3, "reps": 12, "calories_burned": 30}, {"name": "Seated Cable Rows", "sets": 3, "reps": 12, "calories_burned": 25}, {"name": "Machine Chest Press", "sets": 3, "reps": 12, "calories_burned": 30}, {"name": "Lateral Raises (Machine)", "sets": 3, "reps": 15, "calories_burned": 20}], "total_calories_burned": 140, "tip": "Focus on maintaining strength and mobility with consistent, moderate training."}'
0,25,72,170,0,'{"workout": [{"name": "Deadlifts (Sumo)", "sets": 4, "reps": 6, "calories_burned": 60}, {"name": "Pull-Ups (Weighted or Assisted)", "sets": 3, "reps": 8, "calories_burned": 40}, {"name": "Barbell Rows", "sets": 3, "reps": 10, "calories_burned": 45}, {"name": "T-Bar Rows", "sets": 3, "reps": 10, "calories_burned": 35}, {"name": "Rack Pulls", "sets": 3, "reps": 8, "calories_burned": 50}], "total_calories_burned": 230, "tip": "Deadlifts are a cornerstone of strength training; ensure proper form to prevent injury."}'
1,45,70,172,1,'{"workout": [{"name": "Stairmaster Intervals", "sets": 5, "reps": 60, "calories_burned": 55}, {"name": "Medicine Ball Overhead Throws", "sets": 3, "reps": 10, "calories_burned": 30}, {"name": "Kettlebell Goblet Squat Jumps", "sets": 3, "reps": 12, "calories_burned": 40}, {"name": "Renegade Rows (Kettlebell)", "sets": 3, "reps": 10, "calories_burned": 35}, {"name": "Plank with Alternating Leg Lift", "sets": 3, "reps": 15, "calories_burned": 20}], "total_calories_burned": 180, "tip": "Integrate cardio into your strength routine for a higher metabolic burn."}'
0,38,85,180,2,'{"workout": [{"name": "Dumbbell Shrugs", "sets": 3, "reps": 15, "calories_burned": 20}, {"name": "Upright Rows (Dumbbell, light)", "sets": 3, "reps": 12, "calories_burned": 20}, {"name": "Lateral Raises (Dumbbell, light)", "sets": 3, "reps": 15, "calories_burned": 15}, {"name": "Front Raises (Dumbbell, light)", "sets": 3, "reps": 15, "calories_burned": 15}, {"name": "Face Pulls (Resistance Band)", "sets": 3, "reps": 20, "calories_burned": 10}], "total_calories_burned": 80, "tip": "Use resistance bands for warm-ups or light resistance work to maintain shoulder health."}'
1,20,58,158,0,'{"workout": [{"name": "Preacher Curls (Dumbbell)", "sets": 3, "reps": 12, "calories_burned": 20}, {"name": "Cable Hammer Curls", "sets": 3, "reps": 15, "calories_burned": 18}, {"name": "Concentration Curls (Single Arm)", "sets": 3, "reps": 10, "calories_burned": 22}, {"name": "Rope Pushdowns (Tricep)", "sets": 3, "reps": 15, "calories_burned": 20}, {"name": "Overhead Tricep Extension (EZ Bar)", "sets": 3, "reps": 12, "calories_burned": 25}, {"name": "Dumbbell Kickbacks", "sets": 3, "reps": 15, "calories_burned": 15}], "total_calories_burned": 120, "tip": "Focus on the peak contraction for bicep exercises and full extension for triceps."}'
0,30,75,178,1,'{"workout": [{"name": "Jump Rope (High Knees)", "sets": 5, "reps": 60, "calories_burned": 60}, {"name": "Clean and Jerk (Dumbbell)", "sets": 3, "reps": 8, "calories_burned": 45}, {"name": "Plyo Lunges", "sets": 3, "reps": 12, "calories_burned": 35}, {"name": "Push Press (Kettlebell)", "sets": 3, "reps": 10, "calories_burned": 30}, {"name": "Slam Ball (Ground)", "sets": 3, "reps": 15, "calories_burned": 30}], "total_calories_burned": 200, "tip": "Compound movements that involve lifting and pushing generate a high metabolic response."}'
1,42,70,168,2,'{"workout": [{"name": "Leg Extensions (Light Weight)", "sets": 3, "reps": 15, "calories_burned": 20}, {"name": "Hamstring Curls (Light Weight)", "sets": 3, "reps": 15, "calories_burned": 20}, {"name": "Cable Bicep Curls", "sets": 3, "reps": 12, "calories_burned": 15}, {"name": "Cable Tricep Pushdowns", "sets": 3, "reps": 12, "calories_burned": 15}, {"name": "Machine Lateral Raises", "sets": 3, "reps": 15, "calories_burned": 20}], "total_calories_burned": 90, "tip": "Consistency with light weights and proper form helps maintain muscle mass and joint health."}'
0,34,80,182,0,'{"workout": [{"name": "Barbell Incline Press", "sets": 4, "reps": 8, "calories_burned": 50}, {"name": "Dumbbell Flat Press", "sets": 3, "reps": 10, "calories_burned": 40}, {"name": "Cable Crossovers (Low-to-High)", "sets": 3, "reps": 12, "calories_burned": 30}, {"name": "Machine Chest Press (Incline)", "sets": 3, "reps": 12, "calories_burned": 35}, {"name": "Weighted Push-Ups", "sets": 3, "reps": 10, "calories_burned": 25}], "total_calories_burned": 180, "tip": "Targeting your upper chest with incline movements can help create a more balanced physique."}'
1,26,60,165,1,'{"workout": [{"name": "Assault Bike Sprints", "sets": 4, "reps": 60, "calories_burned": 55}, {"name": "Thrusters (Barbell, light weight)", "sets": 3, "reps": 10, "calories_burned": 40}, {"name": "Box Jumps (Plyometric)", "sets": 3, "reps": 10, "calories_burned": 30}, {"name": "Burpees (Chest to Ground)", "sets": 3, "reps": 10, "calories_burned": 40}, {"name": "Kettlebell Sumo Deadlift High Pull", "sets": 3, "reps": 12, "calories_burned": 35}], "total_calories_burned": 200, "tip": "Short, intense bursts on the Assault Bike are excellent for conditioning and calorie expenditure."}'
0,50,90,187,2,'{"workout": [{"name": "Leg Press Calf Raises", "sets": 4, "reps": 20, "calories_burned": 20}, {"name": "Seated Calf Raises", "sets": 3, "reps": 15, "calories_burned": 15}, {"name": "Leg Extensions (Machine)", "sets": 3, "reps": 15, "calories_burned": 20}, {"name": "Hamstring Curls (Machine)", "sets": 3, "reps": 15, "calories_burned": 20}, {"name": "Glute Kickbacks (Machine)", "sets": 3, "reps": 12, "calories_burned": 15}], "total_calories_burned": 90, "tip": "Machine exercises provide a controlled environment to maintain muscle strength and definition."}'
1,39,72,170,0,'{"workout": [{"name": "Reverse Grip Bent-Over Rows", "sets": 3, "reps": 10, "calories_burned": 40}, {"name": "Single-Arm Dumbbell Rows", "sets": 3, "reps": 10, "calories_burned": 35}, {"name": "T-Bar Rows (Machine)", "sets": 3, "reps": 12, "calories_burned": 30}, {"name": "Lat Pulldown (Neutral Grip)", "sets": 3, "reps": 12, "calories_burned": 30}, {"name": "Hyperextensions (Weighted)", "sets": 3, "reps": 15, "calories_burned": 25}], "total_calories_burned": 160, "tip": "Focus on squeezing your back muscles with each rep for maximum engagement."}'
0,21,68,172,1,'{"workout": [{"name": "VersaClimber (Max Effort Intervals)", "sets": 5, "reps": 60, "calories_burned": 65}, {"name": "Power Cleans (Barbell, light)", "sets": 3, "reps": 8, "calories_burned": 50}, {"name": "Medicine Ball Burpee Slams", "sets": 3, "reps": 8, "calories_burned": 45}, {"name": "Renegade Row to Push-Up", "sets": 3, "reps": 10, "calories_burned": 35}, {"name": "Plate Hops (Lateral)", "sets": 3, "reps": 30, "calories_burned": 20}], "total_calories_burned": 215, "tip": "Challenging yourself with full-body explosive movements will significantly boost your metabolism."}'
1,55,80,162,2,'{"workout": [{"name": "Seated Overhead Press (Dumbbell, light)", "sets": 3, "reps": 12, "calories_burned": 25}, {"name": "Machine Shoulder Press", "sets": 3, "reps": 12, "calories_burned": 25}, {"name": "Lateral Raises (Machine)", "sets": 3, "reps": 15, "calories_burned": 20}, {"name": "Front Raises (Cable)", "sets": 3, "reps": 15, "calories_burned": 15}, {"name": "Rear Delt Flyes (Machine)", "sets": 3, "reps": 15, "calories_burned": 20}], "total_calories_burned": 105, "tip": "Maintain good posture during shoulder exercises to protect your joints."}'
0,42,88,188,0,'{"workout": [{"name": "Bent-Over Lateral Raises", "sets": 3, "reps": 15, "calories_burned": 20}, {"name": "Cable Face Pulls", "sets": 3, "reps": 15, "calories_burned": 20}, {"name": "Reverse Pec Deck Fly", "sets": 3, "reps": 12, "calories_burned": 25}, {"name": "Dumbbell Shrugs", "sets": 4, "reps": 15, "calories_burned": 25}, {"name": "Barbell Upright Rows (Wide Grip)", "sets": 3, "reps": 10, "calories_burned": 30}], "total_calories_burned": 120, "tip": "Developing your rear deltoids and traps is key for balanced shoulder development."}'
1,30,65,166,1,'{"workout": [{"name": "Outdoor Sprints (Intervals)", "sets": 6, "reps": 100, "calories_burned": 60}, {"name": "Kettlebell Swings (Russian)", "sets": 4, "reps": 20, "calories_burned": 50}, {"name": "Jump Squats (Explosive)", "sets": 3, "reps": 15, "calories_burned": 35}, {"name": "Push-Up Burpees", "sets": 3, "reps": 10, "calories_burned": 40}, {"name": "Leg Raises (Hanging)", "sets": 3, "reps": 15, "calories_burned": 25}], "total_calories_burned": 210, "tip": "Outdoor workouts can add variety and challenge to your fat loss regimen."}'
0,28,75,178,2,'{"workout": [{"name": "Dumbbell Bicep Curls (Alternating)", "sets": 3, "reps": 12, "calories_burned": 20}, {"name": "Hammer Curls", "sets": 3, "reps": 12, "calories_burned": 20}, {"name": "Cable Tricep Pushdowns (Rope)", "sets": 3, "reps": 15, "calories_burned": 20}, {"name": "Overhead Dumbbell Extension (Single Arm)", "sets": 3, "reps": 12, "calories_burned": 15}, {"name": "Reverse Pec Deck Fly (Light)", "sets": 3, "reps": 15, "calories_burned": 15}], "total_calories_burned": 90, "tip": "Keep your arm training balanced by working both biceps and triceps."}'
1,24,60,163,0,'{"workout": [{"name": "Barbell Curls", "sets": 4, "reps": 8, "calories_burned": 35}, {"name": "Incline Dumbbell Curls", "sets": 3, "reps": 10, "calories_burned": 30}, {"name": "Concentration Curls", "sets": 3, "reps": 12, "calories_burned": 25}, {"name": "Close-Grip Bench Press", "sets": 3, "reps": 10, "calories_burned": 35}, {"name": "Overhead Tricep Extension (Dumbbell)", "sets": 3, "reps": 12, "calories_burned": 28}, {"name": "Cable Tricep Kickbacks", "sets": 3, "reps": 15, "calories_burned": 20}], "total_calories_burned": 173, "tip": "Focus on a full range of motion for both biceps and triceps to maximize muscle activation."}'
0,45,95,190,1,'{"workout": [{"name": "Sled Push (Heavy)", "sets": 4, "reps": 30, "calories_burned": 70}, {"name": "Farmer\'s Carry (Heavy)", "sets": 3, "reps": 60, "calories_burned": 50}, {"name": "Battle Ropes (Conditioning Drills)", "sets": 3, "reps": 60, "calories_burned": 45}, {"name": "Tire Flips", "sets": 3, "reps": 8, "calories_burned": 60}, {"name": "Burpees (Full)", "sets": 3, "reps": 12, "calories_burned": 50}], "total_calories_burned": 275, "tip": "Functional strongman-style training is excellent for high calorie burn and real-world strength."}'
1,50,70,165,2,'{"workout": [{"name": "Light Jog/Power Walk", "sets": 3, "reps": 10, "calories_burned": 30}, {"name": "Bodyweight Squats", "sets": 3, "reps": 15, "calories_burned": 15}, {"name": "Push-Ups (Knees or Incline)", "sets": 3, "reps": 10, "calories_burned": 10}, {"name": "Wall Push-Ups", "sets": 3, "reps": 15, "calories_burned": 5}, {"name": "Chair Dips", "sets": 3, "reps": 12, "calories_burned": 10}], "total_calories_burned": 70, "tip": "Consistency and gentle movement are key for maintaining health as you age."}'
0,36,80,180,0,'{"workout": [{"name": "Barbell Hip Thrusts", "sets": 4, "reps": 10, "calories_burned": 50}, {"name": "Glute-Ham Raises", "sets": 3, "reps": 10, "calories_burned": 35}, {"name": "Cable Pull-Throughs", "sets": 3, "reps": 12, "calories_burned": 30}, {"name": "Sumo Deadlifts", "sets": 3, "reps": 8, "calories_burned": 55}, {"name": "Reverse Hyperextensions", "sets": 3, "reps": 15, "calories_burned": 25}], "total_calories_burned": 195, "tip": "Targeting your glutes and hamstrings directly can greatly improve lower body strength and shape."}'
1,29,68,167,1,'{"workout": [{"name": "Circuit: Medicine Ball Slams", "sets": 3, "reps": 15, "calories_burned": 30}, {"name": "Circuit: Kettlebell Cleans", "sets": 3, "reps": 10, "calories_burned": 40}, {"name": "Circuit: Burpees (No Push-Up)", "sets": 3, "reps": 15, "calories_burned": 35}, {"name": "Circuit: Walking Lunges", "sets": 3, "reps": 20, "calories_burned": 25}, {"name": "Circuit: Plank (Elbow)", "sets": 3, "reps": 60, "calories_burned": 15}], "total_calories_burned": 145, "tip": "Fast-paced circuits with minimal rest are excellent for building endurance and burning fat."}'
0,40,85,183,2,'{"workout": [{"name": "Light Row (Machine)", "sets": 3, "reps": 5, "calories_burned": 20}, {"name": "Lat Pulldown (Machine, light)", "sets": 3, "reps": 12, "calories_burned": 20}, {"name": "Seated Cable Rows (Light)", "sets": 3, "reps": 12, "calories_burned": 20}, {"name": "Rear Delt Flyes (Machine, light)", "sets": 3, "reps": 15, "calories_burned": 15}, {"name": "Face Pulls (Resistance Band)", "sets": 3, "reps": 20, "calories_burned": 10}], "total_calories_burned": 85, "tip": "Maintaining back strength is crucial for posture and preventing everyday injuries."}'
1,22,60,160,0,'{"workout": [{"name": "Hack Squats (Machine)", "sets": 4, "reps": 10, "calories_burned": 50}, {"name": "Leg Extensions (Single Leg)", "sets": 3, "reps": 12, "calories_burned": 25}, {"name": "Leg Curls (Lying)", "sets": 3, "reps": 12, "calories_burned": 25}, {"name": "Glute Kickbacks (Cable)", "sets": 3, "reps": 15, "calories_burned": 20}, {"name": "Standing Calf Raises (Dumbbell)", "sets": 4, "reps": 15, "calories_burned": 15}], "total_calories_burned": 135, "tip": "Focus on progressive overload to consistently challenge your leg muscles."}'
0,35,78,175,1,'{"workout": [{"name": "Treadmill Sprints (Incline)", "sets": 5, "reps": 60, "calories_burned": 65}, {"name": "Box Jumps (Plyometric)", "sets": 3, "reps": 10, "calories_burned": 35}, {"name": "Kettlebell Burpee Deadlifts", "sets": 3, "reps": 8, "calories_burned": 50}, {"name": "Medicine Ball Russian Twists (Explosive)", "sets": 3, "reps": 20, "calories_burned": 25}, {"name": "Plank with Alternating Arm Lifts", "sets": 3, "reps": 10, "calories_burned": 15}], "total_calories_burned": 190, "tip": "Incline sprints increase cardiovascular challenge and target the glutes and hamstrings more."}'
1,58,85,165,2,'{"workout": [{"name": "Walking Lunges (Bodyweight)", "sets": 3, "reps": 15, "calories_burned": 20}, {"name": "Wall Squats", "sets": 3, "reps": 60, "calories_burned": 15}, {"name": "Bicep Curls (Resistance Band)", "sets": 3, "reps": 15, "calories_burned": 10}, {"name": "Tricep Pushdowns (Resistance Band)", "sets": 3, "reps": 15, "calories_burned": 10}, {"name": "Calf Raises (Bodyweight)", "sets": 4, "reps": 20, "calories_burned": 10}], "total_calories_burned": 65, "tip": "Bodyweight and resistance band exercises are versatile for maintaining fitness at home."}'
0,30,80,182,0,'{"workout": [{"name": "Barbell Bench Press (Close Grip)", "sets": 4, "reps": 8, "calories_burned": 45}, {"name": "Dumbbell Tricep Extension (Overhead)", "sets": 3, "reps": 10, "calories_burned": 35}, {"name": "Rope Pushdowns (Tricep)", "sets": 3, "reps": 15, "calories_burned": 25}, {"name": "Dips (Bodyweight or Assisted)", "sets": 3, "reps": 12, "calories_burned": 30}, {"name": "Skullcrushers (Dumbbell)", "sets": 3, "reps": 10, "calories_burned": 30}], "total_calories_burned": 165, "tip": "Varying your grip on bench press can target your triceps more effectively."}'
1,26,62,164,1,'{"workout": [{"name": "Rowing Machine (200m Sprints)", "sets": 5, "reps": 200, "calories_burned": 65}, {"name": "Box Jumps (Plyometric)", "sets": 3, "reps": 10, "calories_burned": 35}, {"name": "Kettlebell Snatch", "sets": 3, "reps": 8, "calories_burned": 40}, {"name": "Wall Balls (Explosive)", "sets": 3, "reps": 12, "calories_burned": 30}, {"name": "Ab Mat Sit-Ups", "sets": 3, "reps": 20, "calories_burned": 20}], "total_calories_burned": 190, "tip": "Explosive movements and short, intense cardio bursts are key for maximizing calorie burn."}'
0,48,92,188,2,'{"workout": [{"name": "Machine Leg Press", "sets": 3, "reps": 15, "calories_burned": 30}, {"name": "Machine Chest Press", "sets": 3, "reps": 15, "calories_burned": 30}, {"name": "Machine Row", "sets": 3, "reps": 15, "calories_burned": 25}, {"name": "Machine Shoulder Press", "sets": 3, "reps": 15, "calories_burned": 25}, {"name": "Machine Lat Pulldown", "sets": 3, "reps": 15, "calories_burned": 25}], "total_calories_burned": 135, "tip": "Machine circuits are efficient for full-body maintenance, ensuring all major muscle groups are worked."}'
1,32,68,166,0,'{"workout": [{"name": "Barbell Military Press", "sets": 4, "reps": 8, "calories_burned": 50}, {"name": "Seated Dumbbell Shoulder Press", "sets": 3, "reps": 10, "calories_burned": 40}, {"name": "Dumbbell Lateral Raises", "sets": 3, "reps": 12, "calories_burned": 25}, {"name": "Cable Front Raises", "sets": 3, "reps": 12, "calories_burned": 20}, {"name": "Bent-Over Dumbbell Reverse Flyes", "sets": 3, "reps": 15, "calories_burned": 20}], "total_calories_burned": 155, "tip": "Focus on controlled eccentric (lowering) movements to maximize muscle growth."}'
0,29,75,178,1,'{"workout": [{"name": "AirDyne Bike Sprints", "sets": 5, "reps": 60, "calories_burned": 60}, {"name": "Kettlebell Goblet Squats (Heavy)", "sets": 3, "reps": 12, "calories_burned": 40}, {"name": "Push Press (Barbell)", "sets": 3, "reps": 8, "calories_burned": 45}, {"name": "Walking Lunges (Weighted)", "sets": 3, "reps": 12, "calories_burned": 35}, {"name": "Plate Russian Twists", "sets": 3, "reps": 20, "calories_burned": 20}], "total_calories_burned": 200, "tip": "Combine powerful lifts with high-intensity cardio for maximum metabolic impact."}'
1,40,75,170,2,'{"workout": [{"name": "Bodyweight Squats (Controlled)", "sets": 3, "reps": 20, "calories_burned": 15}, {"name": "Wall Push-Ups", "sets": 3, "reps": 20, "calories_burned": 10}, {"name": "Chair Dips", "sets": 3, "reps": 15, "calories_burned": 15}, {"name": "Standing Calf Raises (Bodyweight)", "sets": 4, "reps": 25, "calories_burned": 10}, {"name": "Bird-Dog", "sets": 3, "reps": 15, "calories_burned": 10}], "total_calories_burned": 60, "tip": "Regular bodyweight exercises are excellent for maintaining mobility and general fitness."}'
0,25,70,175,0,'{"workout": [{"name": "Dumbbell Bench Press (Incline)", "sets": 4, "reps": 10, "calories_burned": 45}, {"name": "Flat Dumbbell Flyes", "sets": 3, "reps": 12, "calories_burned": 30}, {"name": "Cable Crossovers (Mid Pulley)", "sets": 3, "reps": 15, "calories_burned": 25}, {"name": "Machine Pec Fly", "sets": 3, "reps": 12, "calories_burned": 20}, {"name": "Push-Ups (Diamond Grip)", "sets": 3, "reps": 10, "calories_burned": 20}], "total_calories_burned": 140, "tip": "Focus on squeezing your chest at the top of each movement to maximize muscle activation."}'
1,35,62,160,1,'{"workout": [{"name": "Rowing Machine (Damper 10, Max Effort)", "sets": 4, "reps": 250, "calories_burned": 70}, {"name": "Dumbbell Thrusters (Heavy)", "sets": 3, "reps": 10, "calories_burned": 45}, {"name": "Burpee Box Jumps (High Box)", "sets": 3, "reps": 8, "calories_burned": 50}, {"name": "Slam Ball (Burpee Slam)", "sets": 3, "reps": 10, "calories_burned": 40}, {"name": "Renegade Rows (Dumbbell)", "sets": 3, "reps": 10, "calories_burned": 30}], "total_calories_burned": 235, "tip": "Push your limits with maximum effort intervals on the rower for extreme calorie burn."}'
0,40,90,185,2,'{"workout": [{"name": "Assisted Pull-Ups", "sets": 3, "reps": 10, "calories_burned": 25}, {"name": "Assisted Dips", "sets": 3, "reps": 10, "calories_burned": 20}, {"name": "Leg Press (Machine, light)", "sets": 3, "reps": 15, "calories_burned": 30}, {"name": "Chest Press (Machine, light)", "sets": 3, "reps": 15, "calories_burned": 25}, {"name": "Seated Rows (Machine, light)", "sets": 3, "reps": 15, "calories_burned": 25}], "total_calories_burned": 125, "tip": "Machines and assisted exercises are excellent for maintaining strength safely."}'
1,28,65,168,0,'{"workout": [{"name": "T-Bar Rows (Machine)", "sets": 4, "reps": 10, "calories_burned": 45}, {"name": "Reverse Grip Pulldowns", "sets": 3, "reps": 12, "calories_burned": 35}, {"name": "Single-Arm Cable Rows (Seated)", "sets": 3, "reps": 12, "calories_burned": 30}, {"name": "Machine Rows (Wide Grip)", "sets": 3, "reps": 15, "calories_burned": 25}, {"name": "Back Extensions (Weighted)", "sets": 3, "reps": 15, "calories_burned": 20}], "total_calories_burned": 155, "tip": "Focus on a full stretch and contraction to maximize back muscle engagement."}'
0,32,78,175,1,'{"workout": [{"name": "Sprint Intervals (Track/Outdoor)", "sets": 6, "reps": 150, "calories_burned": 70}, {"name": "Kettlebell Clean & Press", "sets": 3, "reps": 8, "calories_burned": 50}, {"name": "Plyometric Push-Ups (Clapping)", "sets": 3, "reps": 10, "calories_burned": 35}, {"name": "Box Jumps (High)", "sets": 3, "reps": 8, "calories_burned": 40}, {"name": "Plank (Walking)", "sets": 3, "reps": 60, "calories_burned": 20}], "total_calories_burned": 215, "tip": "Vary your sprint distances and recovery times to keep challenging your cardiovascular system."}'
1,55,80,163,2,'{"workout": [{"name": "Barbell Curls (Light Weight)", "sets": 3, "reps": 12, "calories_burned": 20}, {"name": "Dumbbell Tricep Kickbacks (Light)", "sets": 3, "reps": 15, "calories_burned": 15}, {"name": "Machine Chest Press (Light)", "sets": 3, "reps": 15, "calories_burned": 25}, {"name": "Machine Shoulder Press (Light)", "sets": 3, "reps": 15, "calories_burned": 25}, {"name": "Machine Lat Pulldown (Light)", "sets": 3, "reps": 15, "calories_burned": 25}], "total_calories_burned": 110, "tip": "Consistent, light resistance work helps maintain muscle definition and joint health."}'
0,25,72,170,0,'{"workout": [{"name": "Barbell Squats (High Bar)", "sets": 4, "reps": 8, "calories_burned": 55}, {"name": "Leg Press (Single Leg)", "sets": 3, "reps": 10, "calories_burned": 40}, {"name": "Walking Lunges (Barbell)", "sets": 3, "reps": 10, "calories_burned": 35}, {"name": "Romanian Deadlifts (Barbell)", "sets": 3, "reps": 10, "calories_burned": 45}, {"name": "Calf Raises (Seated)", "sets": 4, "reps": 20, "calories_burned": 20}], "total_calories_burned": 195, "tip": "Focus on deep squats for full range of motion and maximum leg development."}'
1,45,70,172,1,'{"workout": [{"name": "Elliptical (Intervals, High Resistance)", "sets": 5, "reps": 5, "calories_burned": 60}, {"name": "Kettlebell Thrusters", "sets": 3, "reps": 12, "calories_burned": 40}, {"name": "Medicine Ball Slams (Rotational)", "sets": 3, "reps": 12, "calories_burned": 35}, {"name": "Burpee Box Step-Ups", "sets": 3, "reps": 10, "calories_burned": 40}, {"name": "Flutter Kicks (Weighted)", "sets": 3, "reps": 30, "calories_burned": 25}], "total_calories_burned": 200, "tip": "Varying your cardio equipment and adding resistance keeps fat-burning workouts challenging."}'
0,38,85,180,2,'{"workout": [{"name": "Dumbbell Rows (Single Arm, Light)", "sets": 3, "reps": 12, "calories_burned": 20}, {"name": "Lat Pulldowns (Machine, Light)", "sets": 3, "reps": 15, "calories_burned": 20}, {"name": "Seated Cable Rows (Light)", "sets": 3, "reps": 15, "calories_burned": 20}, {"name": "Hyperextensions (Bodyweight)", "sets": 3, "reps": 15, "calories_burned": 15}, {"name": "Face Pulls (Resistance Band)", "sets": 3, "reps": 20, "calories_burned": 10}], "total_calories_burned": 85, "tip": "Consistency with back exercises helps prevent muscle imbalances and maintains good posture."}'
1,20,58,158,0,'{"workout": [{"name": "Spider Curls (EZ Bar)", "sets": 3, "reps": 12, "calories_burned": 22}, {"name": "Reverse Curls (Barbell)", "sets": 3, "reps": 10, "calories_burned": 25}, {"name": "Cable Bicep Curls (Standing)", "sets": 3, "reps": 15, "calories_burned": 18}, {"name": "Weighted Bench Dips", "sets": 3, "reps": 12, "calories_burned": 28}, {"name": "Single-Arm Dumbbell Overhead Extension", "sets": 3, "reps": 12, "calories_burned": 22}, {"name": "Close-Grip Push-Ups", "sets": 3, "reps": 15, "calories_burned": 15}], "total_calories_burned": 130, "tip": "Focus on the mind-muscle connection to get the most out of your arm isolation exercises."}'
0,30,75,178,1,'{"workout": [{"name": "Running Sprints (Outdoor)", "sets": 7, "reps": 200, "calories_burned": 75}, {"name": "Burpee Broad Jumps", "sets": 3, "reps": 8, "calories_burned": 50}, {"name": "Kettlebell Swing to Goblet Squat", "sets": 3, "reps": 10, "calories_burned": 45}, {"name": "Box Jumps (Depth)", "sets": 3, "reps": 6, "calories_burned": 35}, {"name": "Plank (Dynamic)", "sets": 3, "reps": 45, "calories_burned": 25}], "total_calories_burned": 230, "tip": "Explosive multi-joint movements are key for high calorie burn and athletic development."}'
1,42,70,168,2,'{"workout": [{"name": "Bodyweight Rows (Inverted Rows)", "sets": 3, "reps": 12, "calories_burned": 20}, {"name": "Push-Ups (Standard)", "sets": 3, "reps": 15, "calories_burned": 15}, {"name": "Bodyweight Squats", "sets": 3, "reps": 20, "calories_burned": 15}, {"name": "Walking Lunges (Bodyweight)", "sets": 3, "reps": 15, "calories_burned": 15}, {"name": "Plank (Forearm)", "sets": 3, "reps": 60, "calories_burned": 15}], "total_calories_burned": 80, "tip": "Bodyweight exercises are a convenient and effective way to maintain overall fitness."}'
0,34,80,182,0,'{"workout": [{"name": "Barbell Overhead Press", "sets": 4, "reps": 8, "calories_burned": 55}, {"name": "Dumbbell Lateral Raises (Heavy)", "sets": 3, "reps": 10, "calories_burned": 30}, {"name": "Front Raises (Plate)", "sets": 3, "reps": 12, "calories_burned": 25}, {"name": "Face Pulls (Rope, Heavy)", "sets": 3, "reps": 12, "calories_burned": 25}, {"name": "Machine Shoulder Press", "sets": 3, "reps": 10, "calories_burned": 35}], "total_calories_burned": 170, "tip": "Focus on compound shoulder movements to build overall strength and size."}'
1,26,60,165,1,'{"workout": [{"name": "Spin Bike Sprints (Max Resistance)", "sets": 5, "reps": 60, "calories_burned": 70}, {"name": "Burpees (Jump to target)", "sets": 3, "reps": 10, "calories_burned": 45}, {"name": "Kettlebell Sumo Deadlift High Pull (Heavy)", "sets": 3, "reps": 10, "calories_burned": 40}, {"name": "Box Jumps (Burpee Box Jumps)", "sets": 3, "reps": 8, "calories_burned": 40}, {"name": "Medicine Ball Slams (Alternating Sides)", "sets": 3, "reps": 15, "calories_burned": 30}], "total_calories_burned": 225, "tip": "High-intensity cardio combined with compound movements is a potent fat-burning combination."}'
0,50,90,187,2,'{"workout": [{"name": "Bicep Curls (Machine)", "sets": 3, "reps": 15, "calories_burned": 15}, {"name": "Tricep Pushdowns (Machine)", "sets": 3, "reps": 15, "calories_burned": 15}, {"name": "Pec Deck Fly (Machine)", "sets": 3, "reps": 15, "calories_burned": 20}, {"name": "Leg Extension (Machine)", "sets": 3, "reps": 15, "calories_burned": 20}, {"name": "Leg Curl (Machine)", "sets": 3, "reps": 15, "calories_burned": 20}], "total_calories_burned": 90, "tip": "Machines are a safe and effective way to maintain strength and muscle tone, especially as you age."}'
1,39,72,170,0,'{"workout": [{"name": "Barbell Deadlifts (Conventional)", "sets": 4, "reps": 5, "calories_burned": 65}, {"name": "Barbell Rows (Pendlay)", "sets": 3, "reps": 8, "calories_burned": 40}, {"name": "Pull-Ups (Weighted)", "sets": 3, "reps": 6, "calories_burned": 45}, {"name": "Single-Arm Dumbbell Rows (Heavy)", "sets": 3, "reps": 8, "calories_burned": 35}, {"name": "Face Pulls (Rope)", "sets": 3, "reps": 15, "calories_burned": 20}], "total_calories_burned": 205, "tip": "Heavy compound lifts like deadlifts are crucial for building overall back strength."}'
0,21,68,172,1,'{"workout": [{"name": "VersaClimber (Max Effort Intervals)", "sets": 6, "reps": 60, "calories_burned": 70}, {"name": "Clean and Press (Barbell, light)", "sets": 3, "reps": 8, "calories_burned": 50}, {"name": "Burpee Box Jumps (High Box)", "sets": 3, "reps": 8, "calories_burned": 45}, {"name": "Battle Ropes (Jump Slams)", "sets": 3, "reps": 45, "calories_burned": 40}, {"name": "Ab Wheel Rollouts", "sets": 3, "reps": 12, "calories_burned": 25}], "total_calories_burned": 230, "tip": "High-intensity circuits using full-body movements are excellent for rapid fat loss."}'
1,55,80,162,2,'{"workout": [{"name": "Bodyweight Squats (Controlled)", "sets": 3, "reps": 15, "calories_burned": 15}, {"name": "Push-Ups (Incline)", "sets": 3, "reps": 12, "calories_burned": 10}, {"name": "Bodyweight Lunges", "sets": 3, "reps": 12, "calories_burned": 15}, {"name": "Wall Sit", "sets": 3, "reps": 45, "calories_burned": 10}, {"name": "Plank (Forearm, Long Hold)", "sets": 3, "reps": 60, "calories_burned": 15}], "total_calories_burned": 65, "tip": "Consistency with basic bodyweight exercises helps maintain overall fitness and mobility."}'
0,42,88,188,0,'{"workout": [{"name": "Dumbbell Shrugs (Heavy)", "sets": 4, "reps": 12, "calories_burned": 30}, {"name": "Upright Rows (Barbell, Wide Grip)", "sets": 3, "reps": 10, "calories_burned": 35}, {"name": "Machine Lateral Raises (Heavy)", "sets": 3, "reps": 10, "calories_burned": 30}, {"name": "Face Pulls (Rope, Heavy)", "sets": 3, "reps": 15, "calories_burned": 25}, {"name": "Plate Front Raises", "sets": 3, "reps": 12, "calories_burned": 20}], "total_calories_burned": 140, "tip": "Targeting the traps and side deltoids adds to a powerful upper body aesthetic."}'
1,30,65,166,1,'{"workout": [{"name": "Rowing Sprints (All-Out)", "sets": 5, "reps": 200, "calories_burned": 75}, {"name": "Burpee Pull-Ups", "sets": 3, "reps": 8, "calories_burned": 50}, {"name": "Kettlebell Snatches (Heavy)", "sets": 3, "reps": 8, "calories_burned": 45}, {"name": "Box Jumps (Plyometric)", "sets": 3, "reps": 10, "calories_burned": 35}, {"name": "Russian Twists (Medicine Ball, Heavy)", "sets": 3, "reps": 20, "calories_burned": 25}], "total_calories_burned": 230, "tip": "High-intensity cardio and complex movements are ideal for maximizing calorie expenditure."}'
0,28,75,178,2,'{"workout": [{"name": "Leg Extensions (Machine, light)", "sets": 3, "reps": 15, "calories_burned": 20}, {"name": "Hamstring Curls (Machine, light)", "sets": 3, "reps": 15, "calories_burned": 20}, {"name": "Bicep Curls (Dumbbell, light)", "sets": 3, "reps": 12, "calories_burned": 15}, {"name": "Tricep Pushdowns (Cable, light)", "sets": 3, "reps": 12, "calories_burned": 15}, {"name": "Lateral Raises (Dumbbell, light)", "sets": 3, "reps": 15, "calories_burned": 15}], "total_calories_burned": 85, "tip": "Focus on consistent, light resistance work to maintain muscle tone and joint health."}'
1,24,60,163,0,'{"workout": [{"name": "Barbell Reverse Curls", "sets": 3, "reps": 10, "calories_burned": 28}, {"name": "Hammer Curls (Cable)", "sets": 3, "reps": 12, "calories_burned": 22}, {"name": "Zottman Curls", "sets": 3, "reps": 12, "calories_burned": 20}, {"name": "Overhead Tricep Extension (Cable)", "sets": 3, "reps": 15, "calories_burned": 20}, {"name": "Close-Grip Push-Ups (Weighted)", "sets": 3, "reps": 10, "calories_burned": 25}, {"name": "Dips (Parallel Bars)", "sets": 3, "reps": 10, "calories_burned": 30}], "total_calories_burned": 145, "tip": "Vary your grip and angles for arm exercises to hit different muscle fibers."}'
0,45,95,190,1,'{"workout": [{"name": "Sled Pull (Heavy)", "sets": 4, "reps": 30, "calories_burned": 70}, {"name": "Farmer\'s Walk (Very Heavy)", "sets": 3, "reps": 60, "calories_burned": 60}, {"name": "Tire Flips (Heavy)", "sets": 3, "reps": 6, "calories_burned": 65}, {"name": "Battle Ropes (Plyo Slams)", "sets": 3, "reps": 45, "calories_burned": 50}, {"name": "Burpee Box Jump Overs", "sets": 3, "reps": 8, "calories_burned": 55}], "total_calories_burned": 300, "tip": "Extreme conditioning workouts like this will push your limits and burn significant calories."}'
1,50,70,165,2,'{"workout": [{"name": "Light Elliptical", "sets": 3, "reps": 10, "calories_burned": 25}, {"name": "Bodyweight Lunges", "sets": 3, "reps": 12, "calories_burned": 15}, {"name": "Resistance Band Rows", "sets": 3, "reps": 15, "calories_burned": 10}, {"name": "Resistance Band Chest Press", "sets": 3, "reps": 15, "calories_burned": 10}, {"name": "Gentle Stretching", "sets": 3, "reps": 5, "calories_burned": 5}], "total_calories_burned": 65, "tip": "Prioritize mobility and flexibility as part of your fitness routine."}'
0,36,80,180,0,'{"workout": [{"name": "Romanian Deadlifts (Dumbbell)", "sets": 4, "reps": 10, "calories_burned": 40}, {"name": "Glute Bridges (Weighted)", "sets": 3, "reps": 15, "calories_burned": 30}, {"name": "Good Mornings (Barbell)", "sets": 3, "reps": 12, "calories_burned": 35}, {"name": "Cable Pull-Throughs (Heavy)", "sets": 3, "reps": 12, "calories_burned": 30}, {"name": "Single-Leg Romanian Deadlifts (Dumbbell)", "sets": 3, "reps": 10, "calories_burned": 25}], "total_calories_burned": 160, "tip": "Isolate your hamstrings and glutes with targeted exercises for better development."}'
1,29,68,167,1,'{"workout": [{"name": "Circuit: AirDyne Sprints", "sets": 3, "reps": 45, "calories_burned": 50}, {"name": "Circuit: Kettlebell Swings (Russian)", "sets": 3, "reps": 20, "calories_burned": 40}, {"name": "Circuit: Burpee to Box Jump", "sets": 3, "reps": 8, "calories_burned": 45}, {"name": "Circuit: Medicine Ball Slams", "sets": 3, "reps": 12, "calories_burned": 30}, {"name": "Circuit: Plank (with rotations)", "sets": 3, "reps": 45, "calories_burned": 20}], "total_calories_burned": 185, "tip": "Dynamic circuits that include cardiovascular and strength components are highly effective for fat loss."}'
0,40,85,183,2,'{"workout": [{"name": "Machine Shoulder Press (Light)", "sets": 3, "reps": 15, "calories_burned": 20}, {"name": "Machine Lateral Raises (Light)", "sets": 3, "reps": 15, "calories_burned": 15}, {"name": "Cable Front Raises (Light)", "sets": 3, "reps": 15, "calories_burned": 15}, {"name": "Rear Delt Flyes (Machine, Light)", "sets": 3, "reps": 15, "calories_burned": 15}, {"name": "Dumbbell Shrugs (Light)", "sets": 3, "reps": 20, "calories_burned": 15}], "total_calories_burned": 80, "tip": "Maintaining strength in smaller muscle groups is crucial for overall joint health and stability."}'
1,22,60,160,0,'{"workout": [{"name": "Front Squats (Barbell)", "sets": 4, "reps": 8, "calories_burned": 55}, {"name": "Bulgarian Split Squats (Dumbbell)", "sets": 3, "reps": 10, "calories_burned": 35}, {"name": "Hack Squats (Machine)", "sets": 3, "reps": 10, "calories_burned": 40}, {"name": "Leg Extensions (Heavy)", "sets": 3, "reps": 10, "calories_burned": 30}, {"name": "Standing Calf Raises (Machine, Heavy)", "sets": 4, "reps": 12, "calories_burned": 25}], "total_calories_burned": 185, "tip": "Prioritize proper form on front squats to protect your spine and maximize quad activation."}'
0,35,78,175,1,'{"workout": [{"name": "Rowing Machine (Max Distance Intervals)", "sets": 5, "reps": 300, "calories_burned": 70}, {"name": "Dumbbell Thrusters (Plyo)", "sets": 3, "reps": 10, "calories_burned": 45}, {"name": "Burpee Pull-Ups (Explosive)", "sets": 3, "reps": 8, "calories_burned": 50}, {"name": "Box Jumps (High Box)", "sets": 3, "reps": 8, "calories_burned": 40}, {"name": "Hanging Knee Raises (Weighted)", "sets": 3, "reps": 15, "calories_burned": 25}], "total_calories_burned": 230, "tip": "Combining maximum effort cardio with explosive compound exercises is a powerful fat-burning strategy."}'
1,58,85,165,2,'{"workout": [{"name": "Goblet Squats (Bodyweight)", "sets": 3, "reps": 20, "calories_burned": 20}, {"name": "Incline Push-Ups (Wall/Bench)", "sets": 3, "reps": 15, "calories_burned": 10}, {"name": "Chair Dips (Bodyweight)", "sets": 3, "reps": 15, "calories_burned": 10}, {"name": "Bird-Dog", "sets": 3, "reps": 15, "calories_burned": 10}, {"name": "Glute Bridges (Bodyweight)", "sets": 3, "reps": 20, "calories_burned": 10}], "total_calories_burned": 60, "tip": "Focus on controlled movements and consistency for maintaining functional fitness."}'
0,30,80,182,0,'{"workout": [{"name": "Weighted Pull-Ups", "sets": 4, "reps": 6, "calories_burned": 50}, {"name": "T-Bar Rows (Heavy)", "sets": 3, "reps": 8, "calories_burned": 45}, {"name": "Single-Arm Dumbbell Rows (Heavy)", "sets": 3, "reps": 8, "calories_burned": 40}, {"name": "Lat Pulldowns (Close Grip)", "sets": 3, "reps": 10, "calories_burned": 35}, {"name": "Rack Pulls (Heavy)", "sets": 3, "reps": 5, "calories_burned": 60}], "total_calories_burned": 230, "tip": "Progressive overload on compound back exercises is key for building significant strength."}'
1,26,62,164,1,'{"workout": [{"name": "Assault Bike (Sprint Intervals, All-Out)", "sets": 6, "reps": 60, "calories_burned": 75}, {"name": "Burpee Broad Jumps (Explosive)", "sets": 3, "reps": 8, "calories_burned": 50}, {"name": "Kettlebell Cleans (Heavy)", "sets": 3, "reps": 8, "calories_burned": 45}, {"name": "Box Jumps (High Box)", "sets": 3, "reps": 10, "calories_burned": 40}, {"name": "Medicine Ball Russian Twists (Explosive)", "sets": 3, "reps": 20, "calories_burned": 25}], "total_calories_burned": 235, "tip": "Maximize your calorie burn with relentless, high-intensity intervals and powerful movements."}'
0,48,92,188,2,'{"workout": [{"name": "Barbell Bench Press (Empty Bar or Light)", "sets": 3, "reps": 15, "calories_burned": 20}, {"name": "Dumbbell Flyes (Light)", "sets": 3, "reps": 15, "calories_burned": 15}, {"name": "Cable Crossovers (Light)", "sets": 3, "reps": 15, "calories_burned": 15}, {"name": "Push-Ups (Knees or Incline)", "sets": 3, "reps": 15, "calories_burned": 10}, {"name": "Pec Deck Fly (Machine, Light)", "sets": 3, "reps": 15, "calories_burned": 20}], "total_calories_burned": 80, "tip": "Consistent light training is key for maintaining muscle strength and joint health."}'
1,32,68,166,0,'{"workout": [{"name": "Barbell Incline Press", "sets": 4, "reps": 8, "calories_burned": 50}, {"name": "Dumbbell Flat Press", "sets": 3, "reps": 10, "calories_burned": 40}, {"name": "Cable Flyes (High-to-Low)", "sets": 3, "reps": 12, "calories_burned": 30}, {"name": "Machine Chest Press", "sets": 3, "reps": 10, "calories_burned": 35}, {"name": "Weighted Dips (Chest Focus)", "sets": 3, "reps": 8, "calories_burned": 30}], "total_calories_burned": 185, "tip": "Vary your chest exercises to hit all angles of the muscle for comprehensive development."}'
0,29,75,178,1,'{"workout": [{"name": "Running Sprints (Intervals)", "sets": 7, "reps": 200, "calories_burned": 70}, {"name": "Kettlebell Swing to High Pull", "sets": 3, "reps": 12, "calories_burned": 40}, {"name": "Burpee Broad Jumps (Explosive)", "sets": 3, "reps": 8, "calories_burned": 45}, {"name": "Medicine Ball Slams (Overhead)", "sets": 3, "reps": 12, "calories_burned": 35}, {"name": "Plank (Commando Plank)", "sets": 3, "reps": 45, "calories_burned": 20}], "total_calories_burned": 210, "tip": "Combine sprinting with explosive full-body exercises for maximum fat loss."}'
1,40,75,170,2,'{"workout": [{"name": "Machine Leg Extensions (Light)", "sets": 3, "reps": 15, "calories_burned": 20}, {"name": "Machine Hamstring Curls (Light)", "sets": 3, "reps": 15, "calories_burned": 20}, {"name": "Machine Calf Raises (Seated, Light)", "sets": 4, "reps": 20, "calories_burned": 15}, {"name": "Machine Glute Kickbacks (Light)", "sets": 3, "reps": 15, "calories_burned": 15}, {"name": "Machine Adductor/Abductor (Light)", "sets": 3, "reps": 15, "calories_burned": 15}], "total_calories_burned": 85, "tip": "Machines provide a controlled environment to maintain lower body strength safely."}'
0,25,70,175,0,'{"workout": [{"name": "Barbell Overhead Press (Seated)", "sets": 4, "reps": 8, "calories_burned": 50}, {"name": "Dumbbell Lateral Raises (Heavy)", "sets": 3, "reps": 10, "calories_burned": 30}, {"name": "Cable Front Raises (Standing)", "sets": 3, "reps": 12, "calories_burned": 25}, {"name": "Rear Delt Flyes (Machine)", "sets": 3, "reps": 12, "calories_burned": 25}, {"name": "Dumbbell Shrugs (Heavy)", "sets": 4, "reps": 12, "calories_burned": 30}], "total_calories_burned": 160, "tip": "Focus on compound movements for overall shoulder development and isolation for definition."}'
1,35,62,160,1,'{"workout": [{"name": "Rowing Machine (HIIT - Tabata)", "sets": 8, "reps": 20, "calories_burned": 80}, {"name": "Burpee Thrusters (Dumbbell)", "sets": 3, "reps": 8, "calories_burned": 50}, {"name": "Kettlebell Snatches (Alternating Arms)", "sets": 3, "reps": 10, "calories_burned": 40}, {"name": "Box Jumps (Plyometric)", "sets": 3, "reps": 10, "calories_burned": 35}, {"name": "Plank (Side Plank with Reach)", "sets": 3, "reps": 15, "calories_burned": 20}], "total_calories_burned": 225, "tip": "Tabata intervals on cardio equipment are incredibly effective for metabolic conditioning."}'
0,40,90,185,2,'{"workout": [{"name": "Bodyweight Squats (Controlled)", "sets": 3, "reps": 15, "calories_burned": 15}, {"name": "Push-Ups (Incline)", "sets": 3, "reps": 12, "calories_burned": 10}, {"name": "Bird-Dog", "sets": 3, "reps": 15, "calories_burned": 10}, {"name": "Wall Sit", "sets": 3, "reps": 45, "calories_burned": 10}, {"name": "Calf Raises (Bodyweight)", "sets": 4, "reps": 20, "calories_burned": 10}], "total_calories_burned": 55, "tip": "Regular low-impact exercises are vital for maintaining mobility and daily function."}'
1,28,65,168,0,'{"workout": [{"name": "Bent-Over Barbell Rows (Pendlay)", "sets": 4, "reps": 8, "calories_burned": 45}, {"name": "Lat Pulldowns (Wide Grip)", "sets": 3, "reps": 10, "calories_burned": 35}, {"name": "Seated Cable Rows (Close Grip)", "sets": 3, "reps": 12, "calories_burned": 30}, {"name": "Single-Arm Dumbbell Rows", "sets": 3, "reps": 10, "calories_burned": 30}, {"name": "Face Pulls (Rope)", "sets": 3, "reps": 15, "calories_burned": 20}], "total_calories_burned": 160, "tip": "Focus on squeezing your back muscles with each rep for optimal growth and strength."}'
0,32,78,175,1,'{"workout": [{"name": "AirDyne Bike Sprints (Max Effort)", "sets": 6, "reps": 60, "calories_burned": 70}, {"name": "Kettlebell Swings (American)", "sets": 4, "reps": 15, "calories_burned": 50}, {"name": "Burpee Box Jump Overs (High Box)", "sets": 3, "reps": 8, "calories_burned": 55}, {"name": "Medicine Ball Slams (Side-to-Side)", "sets": 3, "reps": 12, "calories_burned": 35}, {"name": "Russian Twists (Weighted, Explosive)", "sets": 3, "reps": 20, "calories_burned": 25}], "total_calories_burned": 235, "tip": "Maximize your calorie burn with full-body, high-intensity, and explosive movements."}'
1,55,80,163,2,'{"workout": [{"name": "Machine Chest Press (Light)", "sets": 3, "reps": 15, "calories_burned": 20}, {"name": "Machine Shoulder Press (Light)", "sets": 3, "reps": 15, "calories_burned": 20}, {"name": "Machine Leg Press (Light)", "sets": 3, "reps": 15, "calories_burned": 25}, {"name": "Machine Leg Curls (Light)", "sets": 3, "reps": 15, "calories_burned": 15}, {"name": "Machine Lat Pulldowns (Light)", "sets": 3, "reps": 15, "calories_burned": 20}], "total_calories_burned": 100, "tip": "Machines provide a safe and controlled environment to maintain overall muscle strength."}'
0,25,72,170,0,'{"workout": [{"name": "Barbell Front Squats (Heavy)", "sets": 4, "reps": 6, "calories_burned": 60}, {"name": "Romanian Deadlifts (Barbell, Heavy)", "sets": 3, "reps": 8, "calories_burned": 50}, {"name": "Leg Press (Heavy)", "sets": 3, "reps": 10, "calories_burned": 45}, {"name": "Bulgarian Split Squats (Dumbbell, Heavy)", "sets": 3, "reps": 8, "calories_burned": 35}, {"name": "Calf Raises (Standing, Heavy)", "sets": 4, "reps": 10, "calories_burned": 25}], "total_calories_burned": 215, "tip": "Heavy compound movements are essential for building significant lower body strength and mass."}'
1,45,70,172,1,'{"workout": [{"name": "Stairmaster Intervals (High Intensity)", "sets": 5, "reps": 60, "calories_burned": 65}, {"name": "Dumbbell Clean & Press (High Reps)", "sets": 3, "reps": 12, "calories_burned": 45}, {"name": "Burpee Box Jumps (Plyometric)", "sets": 3, "reps": 10, "calories_burned": 40}, {"name": "Kettlebell Swing to Goblet Squat", "sets": 3, "reps": 12, "calories_burned": 40}, {"name": "Plank (with Shoulder Taps)", "sets": 3, "reps": 20, "calories_burned": 20}], "total_calories_burned": 210, "tip": "Combine intense cardio with compound lifts for a highly effective fat-burning session."}'
0,38,85,180,2,'{"workout": [{"name": "Resistance Band Bicep Curls", "sets": 3, "reps": 15, "calories_burned": 10}, {"name": "Resistance Band Tricep Extensions", "sets": 3, "reps": 15, "calories_burned": 10}, {"name": "Resistance Band Lateral Raises", "sets": 3, "reps": 15, "calories_burned": 10}, {"name": "Resistance Band Rows", "sets": 3, "reps": 15, "calories_burned": 10}, {"name": "Resistance Band Squats", "sets": 3, "reps": 15, "calories_burned": 15}], "total_calories_burned": 55, "tip": "Resistance bands offer a versatile and low-impact way to maintain muscle tone and strength."}'
1,20,58,158,0,'{"workout": [{"name": "Barbell Bicep Curls (Heavy)", "sets": 4, "reps": 8, "calories_burned": 35}, {"name": "Incline Dumbbell Curls (Controlled)", "sets": 3, "reps": 10, "calories_burned": 30}, {"name": "Hammer Curls (Heavy)", "sets": 3, "reps": 10, "calories_burned": 28}, {"name": "Skullcrushers (EZ Bar, Heavy)", "sets": 3, "reps": 10, "calories_burned": 35}, {"name": "Overhead Dumbbell Extension (Heavy)", "sets": 3, "reps": 10, "calories_burned": 30}, {"name": "Dips (Weighted)", "sets": 3, "reps": 8, "calories_burned": 35}], "total_calories_burned": 193, "tip": "Focus on lifting heavy with proper form to build serious arm size and strength."}'
0,30,75,178,1,'{"workout": [{"name": "Stair Sprints (Max Effort)", "sets": 6, "reps": 60, "calories_burned": 70}, {"name": "Burpee Broad Jumps (Max Distance)", "sets": 3, "reps": 8, "calories_burned": 50}, {"name": "Kettlebell Snatches (Heavy)", "sets": 3, "reps": 8, "calories_burned": 45}, {"name": "Medicine Ball Thrusters (Explosive)", "sets": 3, "reps": 12, "calories_burned": 40}, {"name": "Plank (Walking Plank)", "sets": 3, "reps": 45, "calories_burned": 20}], "total_calories_burned": 225, "tip": "High-intensity cardio and full-body explosive exercises are the most effective for fat loss."}'
1,42,70,168,2,'{"workout": [{"name": "Bodyweight Squats (Slow, Controlled)", "sets": 3, "reps": 15, "calories_burned": 15}, {"name": "Incline Push-Ups (Wall)", "sets": 3, "reps": 15, "calories_burned": 10}, {"name": "Bird-Dog", "sets": 3, "reps": 15, "calories_burned": 10}, {"name": "Calf Raises (Bodyweight)", "sets": 4, "reps": 20, "calories_burned": 10}, {"name": "Gentle Core Twists (Seated)", "sets": 3, "reps": 20, "calories_burned": 5}], "total_calories_burned": 50, "tip": "Maintaining mobility and general fitness through low-impact exercises is vital."}'
0,34,80,182,0,'{"workout": [{"name": "Barbell Bench Press (Heavy)", "sets": 4, "reps": 6, "calories_burned": 55}, {"name": "Incline Dumbbell Press (Heavy)", "sets": 3, "reps": 8, "calories_burned": 45}, {"name": "Dips (Weighted, Chest Focus)", "sets": 3, "reps": 8, "calories_burned": 40}, {"name": "Cable Crossovers (Low Pulley)", "sets": 3, "reps": 12, "calories_burned": 30}, {"name": "Plyometric Push-Ups", "sets": 3, "reps": 8, "calories_burned": 25}], "total_calories_burned": 195, "tip": "Heavy compound lifts are crucial for building maximal chest strength and size."}'
1,26,60,165,1,'{"workout": [{"name": "Assault Bike (Sprint Intervals, All-Out)", "sets": 5, "reps": 60, "calories_burned": 70}, {"name": "Burpee Box Jumps (Plyometric)", "sets": 3, "reps": 10, "calories_burned": 45}, {"name": "Kettlebell Snatches (Explosive)", "sets": 3, "reps": 10, "calories_burned": 40}, {"name": "Medicine Ball Slams (Overhead)", "sets": 3, "reps": 12, "calories_burned": 35}, {"name": "Wall Balls (Explosive)", "sets": 3, "reps": 12, "calories_burned": 30}], "total_calories_burned": 220, "tip": "Maximize calorie burn by consistently pushing yourself with explosive, full-body movements."}'
0,50,90,187,2,'{"workout": [{"name": "Light Jog/Power Walk", "sets": 3, "reps": 15, "calories_burned": 30}, {"name": "Bodyweight Squats (Controlled)", "sets": 3, "reps": 15, "calories_burned": 15}, {"name": "Push-Ups (Wall or Knee)", "sets": 3, "reps": 15, "calories_burned": 10}, {"name": "Standing Calf Raises (Bodyweight)", "sets": 4, "reps": 20, "calories_burned": 10}, {"name": "Gentle Stretching", "sets": 3, "reps": 5, "calories_burned": 5}], "total_calories_burned": 70, "tip": "Consistent, low-impact exercise is crucial for long-term health and mobility."}'
1,39,72,170,0,'{"workout": [{"name": "Barbell Back Squats (Heavy)", "sets": 4, "reps": 6, "calories_burned": 60}, {"name": "Leg Press (Heavy)", "sets": 3, "reps": 8, "calories_burned": 50}, {"name": "Romanian Deadlifts (Barbell)", "sets": 3, "reps": 8, "calories_burned": 45}, {"name": "Leg Extensions (Heavy)", "sets": 3, "reps": 10, "calories_burned": 35}, {"name": "Hamstring Curls (Lying, Heavy)", "sets": 3, "reps": 10, "calories_burned": 30}], "total_calories_burned": 220, "tip": "Heavy compound movements are the most effective for building significant leg strength and mass."}'